Id,ActivityDate,TotalSteps,TotalDistance,TrackerDistance,LoggedActivitiesDistance,VeryActiveDistance,ModeratelyActiveDistance,LightActiveDistance,SedentaryActiveDistance,VeryActiveMinutes,FairlyActiveMinutes,LightlyActiveMinutes,SedentaryMinutes,Calories
1503960366,3/25/2016,11004,7.11,7.11,0,2.57,0.46,4.07,0,33,12,205,804,1819
1503960366,3/26/2016,17609,11.55,11.55,0,6.92,0.73,3.91,0,89,17,274,588,2154
1503960366,3/27/2016,12736,8.53,8.53,0,4.66,0.16,3.71,0,56,5,268,605,1944
1503960366,3/28/2016,13231,8.93,8.93,0,3.19,0.79,4.95,0,39,20,224,1080,1932
1503960366,3/29/2016,12041,7.85,7.85,0,2.16,1.09,4.61,0,28,28,243,763,1886
1503960366,3/30/2016,10970,7.16,7.16,0,2.36,0.51,4.29,0,30,13,223,1174,1820
1503960366,3/31/2016,12256,7.86,7.86,0,2.29,0.49,5.04,0,33,12,239,820,1889
1503960366,4/1/2016,12262,7.87,7.87,0,3.32,0.83,3.64,0,47,21,200,866,1868
1503960366,4/2/2016,11248,7.25,7.25,0,3.00,0.45,3.74,0,40,11,244,636,1843
1503960366,4/3/2016,10016,6.37,6.37,0,0.91,1.28,4.18,0,15,30,314,655,1850
1503960366,4/4/2016,14557,9.80,9.80,0,3.39,0.70,5.69,0,43,18,285,757,2030
1503960366,4/5/2016,14844,9.73,9.73,0,2.94,0.76,6.04,0,36,18,341,736,2083
1503960366,4/6/2016,11974,7.67,7.67,0,2.04,0.48,5.15,0,27,12,228,1173,1861
1503960366,4/7/2016,10198,6.44,6.44,0,1.20,0.79,4.45,0,17,20,195,1208,1755
1503960366,4/8/2016,12521,7.94,7.94,0,3.31,0.90,3.74,0,46,22,212,1160,1895
1503960366,4/9/2016,12432,8.10,8.10,0,2.59,0.59,4.92,0,32,15,248,738,1883
1503960366,4/10/2016,10057,6.98,6.98,0,4.00,0.49,2.48,0,44,13,168,737,1755
1503960366,4/11/2016,10990,7.26,7.26,0,2.04,0.57,4.65,0,26,14,216,855,1811
1503960366,4/12/2016,224,0.14,0.14,0,0.00,0.00,0.13,0,0,0,9,32,50
1624580081,3/25/2016,1810,1.18,1.18,0,0.00,0.00,1.13,0.01,0,0,121,1319,1373
1624580081,3/26/2016,815,0.53,0.53,0,0.00,0.00,0.53,0,0,0,47,1393,1264
1624580081,3/27/2016,1985,1.29,1.29,0,0.00,0.00,1.28,0.01,0,0,112,1328,1350
1624580081,3/28/2016,1905,1.24,1.24,0,0.00,0.00,1.24,0,0,0,95,1345,1342
1624580081,3/29/2016,1552,1.01,1.01,0,0.00,0.00,1.00,0,0,0,66,1374,1300
1624580081,3/30/2016,1675,1.09,1.09,0,0.00,0.00,1.09,0,0,0,84,1356,1313
1624580081,3/31/2016,4506,2.93,2.93,0,0.51,0.27,2.15,0.01,7,4,144,1285,1498
1624580081,4/1/2016,9218,5.99,5.99,0,0.00,0.00,5.97,0.01,0,0,221,1219,1541
1624580081,4/2/2016,1556,1.01,1.01,0,0.00,0.00,1.01,0.01,0,0,88,1352,1327
1624580081,4/3/2016,2910,1.89,1.89,0,0.00,0.00,1.88,0.01,0,0,157,1283,1452
1624580081,4/4/2016,18464,12.00,12.00,0,0.00,0.00,12.00,0,0,0,270,1170,1574
1624580081,4/5/2016,1335,0.87,0.87,0,0.00,0.00,0.87,0,0,0,74,1366,1308
1624580081,4/6/2016,1004,0.65,0.65,0,0.00,0.00,0.65,0,0,0,55,1385,1276
1624580081,4/7/2016,1111,0.72,0.72,0,0.00,0.00,0.72,0,0,0,54,1386,1278
1624580081,4/8/2016,6344,4.12,4.12,0,0.00,0.00,4.10,0,0,0,143,1297,1409
1624580081,4/9/2016,3572,2.32,2.32,0,0.00,0.00,2.29,0.029999999,0,0,122,1318,1370
1624580081,4/10/2016,3910,2.54,2.54,0,0.47,0.25,1.81,0.01,7,7,186,1240,1555
1624580081,4/11/2016,10000,6.50,6.50,0,0.00,0.00,6.50,0,0,0,172,1268,1469
1624580081,4/12/2016,6627,4.31,4.31,0,0.00,0.00,4.31,0,0,0,89,604,706
1644430081,4/1/2016,4636,3.41,3.41,0,0.00,0.78,2.60,0.029999999,0,16,586,838,3323
1644430081,4/2/2016,20237,14.71,14.71,0,2.57,6.40,5.73,0.01,34,141,347,918,4029
1644430081,4/3/2016,12912,9.41,9.41,0,4.83,0.77,3.79,0.029999999,59,16,283,1082,3436
1644430081,4/4/2016,2819,2.05,2.05,0,0.31,0.17,1.56,0.01,4,4,87,1345,2444
1644430081,4/5/2016,9921,7.21,7.21,0,0.34,1.52,5.36,0,5,35,219,1181,3098
1644430081,4/6/2016,8046,5.85,5.85,0,1.29,2.12,2.45,0,18,41,137,1244,2925
1644430081,4/7/2016,11166,8.12,8.12,0,0.21,2.41,5.50,0,3,58,230,1149,3202
1644430081,4/8/2016,7842,5.70,5.70,0,0.48,2.41,2.81,0,7,43,161,1229,2928
1644430081,4/9/2016,13840,10.06,10.06,0,1.31,3.72,5.03,0,18,81,192,1149,3290
1644430081,4/10/2016,1329,0.97,0.97,0,0.00,0.00,0.97,0,0,0,35,207,489
1844505072,4/1/2016,6847,4.53,4.53,0,0.61,0.37,3.55,0,9,9,251,1171,1969
1844505072,4/2/2016,5367,3.55,3.55,0,0.00,0.00,3.55,0,0,0,263,1177,1889
1844505072,4/3/2016,2841,1.88,1.88,0,0.00,0.00,1.88,0,0,0,136,1114,1636
1844505072,4/4/2016,0,0.00,0.00,0,0.00,0.00,0.00,0,0,0,0,669,1347
1844505072,4/5/2016,0,0.00,0.00,0,0.00,0.00,0.00,0,0,0,0,1440,1347
1844505072,4/6/2016,7,0.00,0.00,0,0.00,0.00,0.00,0,0,0,1,1439,1349
1844505072,4/7/2016,6344,4.19,4.19,0,0.00,0.00,4.19,0,0,0,290,1150,1965
1844505072,4/8/2016,5316,3.51,3.51,0,0.00,0.00,3.51,0,0,0,221,1219,1824
1844505072,4/9/2016,4979,3.29,3.29,0,0.00,0.00,3.29,0,0,0,184,620,1807
1844505072,4/10/2016,6556,4.34,4.34,0,0.00,0.00,4.33,0,0,0,305,810,1971
1844505072,4/11/2016,5430,3.59,3.59,0,0.00,0.00,3.59,0,0,0,251,1189,1888
1844505072,4/12/2016,0,0.00,0.00,0,0.00,0.00,0.00,0,0,0,0,426,399
1927972279,4/1/2016,4317,2.99,2.99,0,0.00,0.37,2.62,0,0,11,192,854,2590
1927972279,4/2/2016,5662,3.92,3.92,0,0.00,0.00,3.92,0,0,0,267,858,2783
1927972279,4/3/2016,3198,2.21,2.21,0,0.00,0.00,2.21,0,0,0,146,1183,2449
1927972279,4/4/2016,2352,1.63,1.63,0,0.00,0.00,1.63,0,0,0,128,829,2380
1927972279,4/5/2016,2234,1.55,1.55,0,0.00,0.00,1.55,0,0,0,108,912,2344
1927972279,4/6/2016,1259,0.87,0.87,0,0.00,0.00,0.87,0,0,0,73,938,2202
1927972279,4/7/2016,768,0.53,0.53,0,0.00,0.00,0.53,0,0,0,43,1397,2130
1927972279,4/8/2016,519,0.36,0.36,0,0.00,0.00,0.36,0,0,0,34,1406,2088
1927972279,4/9/2016,2523,1.75,1.75,0,0.00,0.37,1.38,0,0,9,134,1250,2443
1927972279,4/10/2016,2105,1.46,1.46,0,0.00,0.00,1.46,0,0,0,139,805,2442
1927972279,4/11/2016,1209,0.84,0.84,0,0.00,0.00,0.84,0,0,0,73,842,2255
1927972279,4/12/2016,24,0.02,0.02,0,0.00,0.00,0.02,0,0,0,3,161,942
2022484408,4/1/2016,13603,9.60,9.60,0,5.46,0.63,3.51,0,72,16,213,1139,2645
2022484408,4/2/2016,5477,3.84,3.84,0,0.00,0.00,3.84,0,0,0,237,1203,2040
2022484408,4/3/2016,11144,7.82,7.82,0,1.79,0.89,5.14,0,25,22,279,1114,2395
2022484408,4/4/2016,15313,11.00,11.00,0,5.02,1.29,4.69,0,62,19,233,1126,2581
2022484408,4/5/2016,10805,7.59,7.59,0,0.72,0.98,5.89,0,36,37,298,1069,2735
2022484408,4/6/2016,15392,10.93,10.93,0,3.43,1.75,5.75,0,47,42,258,1093,2733
2022484408,4/7/2016,18247,13.83,13.83,0,7.11,2.21,4.51,0,72,62,252,1054,3021
2022484408,4/8/2016,13023,9.26,9.26,0,3.23,0.56,5.47,0,40,12,296,1092,2577
2022484408,4/9/2016,16267,12.59,12.59,0,5.75,0.47,6.37,0,44,16,302,1078,2811
2022484408,4/10/2016,10005,7.02,7.02,0,0.08,1.05,5.90,0,1,23,339,1077,2458
2022484408,4/11/2016,10106,7.09,7.09,0,1.21,0.56,5.33,0,41,16,272,1111,2568
2022484408,4/12/2016,6717,4.72,4.72,0,3.23,0.22,1.27,0,41,5,67,551,1140
2026352035,4/1/2016,2605,1.62,1.62,0,0.00,0.00,1.62,0,0,0,166,729,1407
2026352035,4/2/2016,1229,0.76,0.76,0,0.00,0.00,0.76,0,0,0,69,795,1237
2026352035,4/3/2016,2308,1.43,1.43,0,0.00,0.00,1.43,0,0,0,115,720,1330
2026352035,4/4/2016,6679,4.14,4.14,0,0.00,0.00,4.14,0,0,0,263,644,1583
2026352035,4/5/2016,5645,3.50,3.50,0,0.00,0.00,3.50,0,0,0,248,621,1538
2026352035,4/6/2016,3180,1.97,1.97,0,0.00,0.00,1.97,0,0,0,185,738,1421
2026352035,4/7/2016,2767,1.72,1.72,0,0.00,0.00,1.72,0,0,0,170,673,1392
2026352035,4/8/2016,3762,2.33,2.33,0,0.00,0.00,2.33,0,0,0,173,719,1425
2026352035,4/9/2016,3098,1.92,1.92,0,0.00,0.00,1.92,0,0,0,185,700,1413
2026352035,4/10/2016,5142,3.19,3.19,0,0.00,0.00,3.19,0,0,0,230,654,1515
2026352035,4/11/2016,3279,2.03,2.03,0,0.00,0.00,2.03,0,0,0,164,694,1405
2026352035,4/12/2016,1019,0.63,0.63,0,0.00,0.00,0.63,0,0,0,64,223,600
2320127002,4/1/2016,0,0.00,0.00,0,0.00,0.00,0.00,0,0,0,0,1440,1324
2320127002,4/2/2016,0,0.00,0.00,0,0.00,0.00,0.00,0,0,0,0,1440,1324
2320127002,4/3/2016,0,0.00,0.00,0,0.00,0.00,0.00,0,0,0,0,1440,1324
2320127002,4/4/2016,0,0.00,0.00,0,0.00,0.00,0.00,0,0,0,0,1440,1324
2320127002,4/5/2016,4931,3.32,3.32,0,0.00,0.00,3.32,0,0,0,175,1265,1708
2320127002,4/6/2016,6999,4.72,4.72,0,0.00,0.00,4.72,0,0,0,320,1120,1950
2320127002,4/7/2016,1846,1.24,1.24,0,0.00,0.00,1.24,0,0,0,93,1347,1508
2320127002,4/8/2016,3417,2.30,2.30,0,0.00,0.00,2.30,0,0,0,153,1287,1625
2320127002,4/9/2016,4863,3.28,3.28,0,0.06,0.42,2.80,0,1,11,208,1220,1772
2320127002,4/10/2016,2277,1.53,1.53,0,0.00,0.00,1.53,0,0,0,103,1337,1530
2320127002,4/11/2016,11230,7.67,7.67,0,0.89,0.12,6.66,0,10,2,390,1038,2206
2320127002,4/12/2016,2098,1.41,1.41,0,0.00,0.00,1.41,0,0,0,69,617,790
2347167796,3/29/2016,10272,6.79,6.79,0,0.16,3.12,3.50,0,2,58,208,700,2041
2347167796,3/30/2016,10533,7.10,7.10,0,1.77,2.06,3.27,0,21,35,255,615,2187
2347167796,3/31/2016,6760,4.47,4.47,0,0.00,0.00,4.47,0,0,0,250,613,1929
2347167796,4/1/2016,8328,5.51,5.51,0,0.00,2.00,3.50,0,0,33,212,804,1935
2347167796,4/2/2016,15459,10.22,10.22,0,3.59,0.81,5.82,0,51,16,327,583,2438
2347167796,4/3/2016,7485,4.95,4.95,0,0.00,0.00,4.95,0,0,0,324,491,2035
2347167796,4/4/2016,10254,6.80,6.80,0,1.42,1.23,4.16,0,21,25,231,638,2099
2347167796,4/5/2016,10114,6.82,6.82,0,1.64,0.48,4.68,0,18,9,269,696,2096
2347167796,4/6/2016,11107,7.34,7.34,0,0.90,2.76,3.68,0,14,46,196,759,2058
2347167796,4/7/2016,10320,6.85,6.85,0,0.68,1.23,4.94,0,15,32,315,1002,2338
2347167796,4/8/2016,10209,6.75,6.75,0,0.16,0.35,6.23,0,2,6,316,711,2104
2347167796,4/9/2016,16081,10.63,10.63,0,1.25,1.82,7.56,0,16,32,401,970,2488
2347167796,4/10/2016,10078,6.83,6.83,0,1.02,0.12,5.69,0,12,3,303,463,2164
2347167796,4/11/2016,10001,6.61,6.61,0,0.33,2.93,3.36,0,5,52,196,788,2009
2347167796,4/12/2016,0,0.00,0.00,0,0.00,0.00,0.00,0,0,0,0,425,399
2873212765,4/1/2016,890,0.60,0.60,0,0.00,0.00,0.60,0,0,0,41,1399,1335
2873212765,4/2/2016,2214,1.49,1.49,0,0.00,0.00,1.49,0,0,0,197,1243,1559
2873212765,4/3/2016,7640,5.13,5.13,0,0.19,0.80,4.15,0,3,15,315,1107,1845
2873212765,4/4/2016,9713,6.53,6.53,0,0.34,0.89,5.29,0,6,24,355,1055,2046
2873212765,4/5/2016,8432,5.67,5.67,0,0.00,0.00,5.65,0.01,0,0,374,1066,1953
2873212765,4/6/2016,7350,4.94,4.94,0,0.00,0.00,4.94,0,0,0,382,1058,1910
2873212765,4/7/2016,9353,6.31,6.31,0,0.37,0.69,5.24,0,5,17,363,1055,2035
2873212765,4/8/2016,7157,4.81,4.81,0,0.00,0.00,4.81,0,0,0,380,1060,1944
2873212765,4/9/2016,14103,9.56,9.56,0,3.02,0.41,6.14,0.01,46,8,288,1098,2257
2873212765,4/10/2016,5290,3.55,3.55,0,0.04,0.34,3.17,0,1,8,251,1180,1724
2873212765,4/11/2016,7497,5.04,5.04,0,0.00,0.00,5.04,0,0,0,357,882,1741
2873212765,4/12/2016,0,0.00,0.00,0,0.00,0.00,0.00,0,0,0,0,1440,0
2891001357,3/29/2016,0,0.00,0.00,0,0.00,0.00,0.00,0,0,0,0,1440,1920
2891001357,3/30/2016,0,0.00,0.00,0,0.00,0.00,0.00,0,0,0,0,1440,1920
2891001357,3/31/2016,0,0.00,0.00,0,0.00,0.00,0.00,0,0,0,0,1440,1920
2891001357,4/1/2016,0,0.00,0.00,4.828032017,0.00,0.00,0.00,0,0,660,0,780,4562
2891001357,4/2/2016,4126,3.22,0.00,3.218688011,0.00,0.00,3.22,0,0,0,720,720,2881
2891001357,4/3/2016,0,0.00,0.00,0,0.00,0.00,0.00,0,0,0,0,1440,1920
2891001357,4/4/2016,0,0.00,0.00,0,0.00,0.00,0.00,0,0,0,0,1440,1920
2891001357,4/5/2016,2063,1.61,0.00,1.609344006,0.00,0.00,1.61,0,0,0,630,99,1144
3372868164,4/1/2016,5785,3.95,3.95,0,0.00,0.00,3.91,0.039999999,0,0,311,1129,1852
3372868164,4/2/2016,7625,5.23,5.23,0,1.68,0.04,3.50,0.01,24,1,341,1074,2069
3372868164,4/3/2016,4706,3.21,3.21,0,0.00,0.00,3.21,0,0,0,299,1141,1816
3372868164,4/4/2016,5861,4.02,4.02,0,1.30,0.22,2.49,0.01,20,7,233,1180,1878
3372868164,4/5/2016,4460,3.04,3.04,0,0.00,0.00,3.02,0.029999999,0,0,248,1192,1787
3372868164,4/6/2016,6406,4.39,4.39,0,0.78,0.09,3.52,0.01,17,4,325,1094,2010
3372868164,4/7/2016,7392,5.10,5.10,0,0.87,0.16,4.05,0.02,14,9,332,1085,2038
3372868164,4/8/2016,5551,3.79,3.79,0,0.00,0.00,3.77,0.01,0,0,282,1158,1815
3372868164,4/9/2016,8827,6.25,6.25,0,1.77,0.48,4.00,0.01,21,10,346,1063,2062
3372868164,4/10/2016,4662,3.18,3.18,0,1.04,0.15,1.99,0,22,4,152,735,1276
3977333714,4/1/2016,4499,3.01,3.01,0,0.00,0.00,3.01,0,0,0,168,842,1288
3977333714,4/2/2016,7618,5.10,5.10,0,0.00,0.18,4.91,0,0,6,302,842,1490
3977333714,4/3/2016,11508,7.70,7.70,0,2.17,0.84,4.69,0,29,22,282,748,1630
3977333714,4/4/2016,11943,7.99,7.99,0,1.03,2.01,4.95,0,16,43,297,710,1648
3977333714,4/5/2016,12303,8.23,8.23,0,1.71,1.35,5.17,0,26,32,291,605,1649
3977333714,4/6/2016,15425,10.32,10.32,0,1.62,1.82,6.87,0,24,45,331,614,1783
3977333714,4/7/2016,8422,5.63,5.63,0,0.00,3.60,2.04,0,0,81,139,815,1431
3977333714,4/8/2016,10226,6.84,6.84,0,0.00,4.44,2.40,0,0,101,174,685,1524
3977333714,4/9/2016,14583,9.76,9.76,0,2.48,1.74,5.53,0,35,36,254,697,1697
3977333714,4/10/2016,3573,2.39,2.39,0,0.94,0.41,0.97,0,15,8,99,866,1232
3977333714,4/11/2016,3108,2.14,2.14,0,0.07,0.04,1.96,0,1,1,129,894,1223
3977333714,4/12/2016,759,0.57,0.57,0,0.00,0.00,0.57,0,0,0,17,187,182
4020332650,3/12/2016,5543,3.97,3.97,0,0.00,0.00,3.96,0.01,0,0,254,757,2990
4020332650,3/13/2016,3226,2.31,2.31,0,0.00,0.00,2.28,0,0,0,136,771,2480
4020332650,3/14/2016,3023,2.17,2.17,0,0.00,0.00,2.14,0,0,0,145,1005,2570
4020332650,3/15/2016,5906,4.23,4.23,0,0.00,0.16,4.04,0,0,10,215,874,3016
4020332650,3/16/2016,12483,8.99,8.99,0,1.45,0.57,6.90,0,25,14,309,599,3830
4020332650,3/17/2016,8940,6.41,6.41,0,0.00,0.00,0.61,0.039999999,0,0,47,986,3706
4020332650,3/18/2016,368,0.26,0.26,0,0.00,0.00,0.00,0,0,0,0,1440,2024
4020332650,3/19/2016,5702,4.09,4.09,0,0.00,0.00,0.00,0,0,0,0,1440,2980
4020332650,3/20/2016,10330,7.41,7.41,0,0.00,0.00,0.00,0,0,0,0,1440,3728
4020332650,3/21/2016,8778,6.29,6.29,0,0.00,0.00,0.00,0,0,0,0,1440,3348
4020332650,3/22/2016,6662,4.78,4.78,0,0.00,0.00,0.00,0,0,0,0,1440,3162
4020332650,3/23/2016,6309,4.52,4.52,0,0.00,0.00,0.00,0,0,0,0,1440,3140
4020332650,3/24/2016,1951,1.41,1.41,0,0.00,0.00,0.00,0,0,0,0,1440,1980
4020332650,3/25/2016,5563,3.99,3.99,0,0.00,0.00,0.00,0,0,0,0,1440,3681
4020332650,3/26/2016,4370,3.13,3.13,0,0.00,0.00,0.00,0,0,0,0,1440,3444
4020332650,3/27/2016,7144,5.12,5.12,0,0.00,0.00,0.00,0,0,0,0,1440,3510
4020332650,3/28/2016,2106,1.51,1.51,0,0.02,0.05,0.21,0,31,45,75,1289,4010
4020332650,3/29/2016,4152,2.98,2.98,0,0.00,0.00,2.96,0,0,0,187,1253,2976
4020332650,3/30/2016,5400,3.87,3.87,0,0.00,0.00,3.85,0,0,0,258,795,3418
4020332650,3/31/2016,7428,5.33,5.33,0,0.87,0.92,3.51,0,18,33,261,860,3439
4020332650,4/1/2016,5351,3.84,3.84,0,0.62,0.18,3.01,0,15,17,210,748,3338
4020332650,4/2/2016,4299,3.10,3.10,0,0.09,0.21,2.74,0.039999999,3,15,162,752,2892
4020332650,4/3/2016,6107,4.38,4.38,0,0.00,0.00,4.36,0,0,0,265,776,3313
4020332650,4/4/2016,6429,4.60,4.60,0,0.00,0.95,3.65,0,0,28,193,741,3118
4020332650,4/5/2016,6880,4.93,4.93,0,0.50,0.76,3.65,0,7,19,165,1249,2966
4020332650,4/6/2016,7476,5.36,5.36,0,0.00,0.00,5.31,0,0,0,263,920,3253
4020332650,4/7/2016,6581,4.72,4.72,0,0.00,0.29,4.39,0,0,8,241,1191,3032
4020332650,4/8/2016,10480,7.51,7.51,0,0.41,1.47,5.01,0.039999999,6,37,272,1125,4034
4020332650,4/9/2016,7734,5.55,5.55,0,1.16,0.49,3.82,0.059999999,20,12,223,1185,3264
4020332650,4/10/2016,5129,3.68,3.68,0,0.18,0.24,3.21,0.01,5,7,176,1178,2817
4020332650,4/11/2016,2993,2.15,2.15,0,0.00,0.00,2.09,0,0,0,114,888,2507
4020332650,4/12/2016,8,0.01,0.01,0,0.00,0.00,0.01,0,0,0,1,321,446
4057192912,3/12/2016,0,0.00,0.00,0,0.00,0.00,0.00,0,0,0,0,1440,1777
4057192912,3/13/2016,0,0.00,0.00,0,0.00,0.00,0.00,0,0,0,0,1440,1777
4057192912,3/14/2016,8433,6.23,6.23,0,2.45,0.33,3.44,0,30,7,135,1268,2453
4057192912,3/15/2016,0,0.00,0.00,0,0.00,0.00,0.00,0,0,0,0,1440,1776
4057192912,3/16/2016,2139,1.56,1.56,0,0.00,1.30,0.26,0,0,28,15,1397,1935
4057192912,3/17/2016,0,0.00,0.00,0,0.00,0.00,0.00,0,0,0,0,1440,1776
4057192912,3/18/2016,949,0.69,0.69,0,0.00,0.00,0.69,0,0,0,34,1406,1870
4057192912,3/19/2016,0,0.00,0.00,0,0.00,0.00,0.00,0,0,0,0,1440,1777
4057192912,3/20/2016,44,0.03,0.03,0,0.00,0.00,0.03,0,0,0,2,1438,1782
4057192912,3/21/2016,2660,1.94,1.94,0,0.00,0.00,1.94,0,0,0,46,1394,1978
4057192912,3/22/2016,5561,4.19,4.19,0,0.00,0.00,4.07,0,0,0,169,1271,2296
4057192912,3/23/2016,7239,5.34,5.34,0,0.55,0.36,4.38,0,7,7,190,1236,2484
4057192912,3/24/2016,7,0.01,0.01,0,0.00,0.00,0.01,0,0,0,1,1439,1787
4057192912,3/25/2016,0,0.00,0.00,0,0.00,0.00,0.00,0,0,0,0,1440,1776
4057192912,3/26/2016,0,0.00,0.00,0,0.00,0.00,0.00,0,0,0,0,1440,1776
4057192912,3/27/2016,2275,1.68,1.68,0,0.00,0.00,1.66,0,0,0,86,1354,2005
4057192912,3/28/2016,8,0.01,0.01,0,0.00,0.00,0.01,0,0,0,1,1439,1778
4057192912,3/29/2016,5137,3.76,3.76,0,0.00,0.00,3.76,0,0,0,160,1280,2293
4057192912,3/30/2016,5419,4.00,4.57,0.055842999,0.00,0.00,3.91,0.059999999,0,0,145,1295,2259
4057192912,3/31/2016,0,0.00,0.00,0,0.00,0.00,0.00,0,0,0,0,1440,1776
4057192912,4/1/2016,0,0.00,0.00,0,0.00,0.00,0.00,0,0,0,0,1440,1776
4057192912,4/2/2016,0,0.00,0.00,0,0.00,0.00,0.00,0,0,0,0,1440,1776
4057192912,4/3/2016,0,0.00,0.00,0,0.00,0.00,0.00,0,0,0,0,1440,1776
4057192912,4/4/2016,0,0.00,0.00,0,0.00,0.00,0.00,0,0,0,0,1440,1776
4057192912,4/5/2016,0,0.00,0.00,0,0.00,0.00,0.00,0,0,0,0,1440,1776
4057192912,4/6/2016,18,0.01,0.01,0,0.00,0.00,0.01,0,0,0,2,1438,1780
4057192912,4/7/2016,4,0.00,0.00,0,0.00,0.00,0.00,0,0,0,1,1439,1778
4057192912,4/8/2016,8426,6.16,6.16,0,0.13,5.49,0.54,0,2,120,25,1293,2360
4057192912,4/9/2016,1650,1.21,1.21,0,0.00,0.00,1.21,0,0,0,60,1380,1952
4057192912,4/10/2016,3434,2.51,2.51,0,0.07,0.30,2.14,0,1,7,108,1324,2101
4057192912,4/11/2016,6801,4.98,4.98,0,0.00,0.00,4.97,0,0,0,193,1247,2393
4057192912,4/12/2016,187,0.14,0.14,0,0.00,0.00,0.14,0,0,0,11,400,538
4319703577,3/29/2016,5643,3.79,3.79,0,0.23,0.33,3.23,0,3,8,199,683,1958
4319703577,3/30/2016,9043,6.07,6.07,0,0.25,0.43,5.37,0,4,12,244,702,2141
4319703577,3/31/2016,8144,5.46,5.46,0,0.25,0.61,4.61,0,4,17,247,1125,2129
4319703577,4/1/2016,9343,6.27,6.27,0,0.96,0.85,4.46,0,14,20,268,654,2216
4319703577,4/2/2016,8405,5.66,5.66,0,1.13,0.19,4.34,0,15,4,257,621,2154
4319703577,4/3/2016,8223,5.52,5.52,0,0.80,1.51,3.21,0,12,37,257,551,2178
4319703577,4/4/2016,10067,6.76,6.76,0,0.36,1.42,4.97,0,5,39,313,578,2308
4319703577,4/5/2016,8359,5.63,5.63,0,0.23,0.53,4.87,0,3,14,311,638,2201
4319703577,4/6/2016,10946,7.35,7.35,0,0.54,2.09,4.72,0,8,51,308,569,2341
4319703577,4/7/2016,9130,6.15,6.15,0,0.50,0.38,5.27,0,7,11,304,668,2236
4319703577,4/8/2016,6544,4.41,4.41,0,0.29,0.26,3.86,0,4,6,276,1132,2069
4319703577,4/9/2016,0,0.00,0.00,0,0.00,0.00,0.00,0,0,0,0,1440,0
4388161847,3/29/2016,0,0.00,0.00,0,0.00,0.00,0.00,0,0,0,0,1440,1878
4388161847,3/30/2016,0,0.00,0.00,0,0.00,0.00,0.00,0,0,0,0,1440,1878
4388161847,3/31/2016,0,0.00,0.00,0,0.00,0.00,0.00,0,0,0,0,1440,1878
4388161847,4/1/2016,0,0.00,0.00,0,0.00,0.00,0.00,0,0,0,0,1440,1878
4388161847,4/2/2016,0,0.00,0.00,0,0.00,0.00,0.00,0,0,0,0,1440,1878
4388161847,4/3/2016,0,0.00,0.00,0,0.00,0.00,0.00,0,0,0,0,1440,1878
4388161847,4/4/2016,0,0.00,0.00,0,0.00,0.00,0.00,0,0,0,0,1440,1878
4388161847,4/5/2016,0,0.00,0.00,0,0.00,0.00,0.00,0,0,0,0,994,1296
4445114986,3/29/2016,2303,1.55,1.55,0,0.00,0.00,1.55,0,0,0,155,807,2010
4445114986,3/30/2016,2600,1.74,1.74,0,0.00,0.00,1.74,0,0,0,163,1277,2032
4445114986,3/31/2016,4804,3.22,3.22,0,0.00,0.00,3.22,0,0,0,238,786,2227
4445114986,4/1/2016,3271,2.19,2.19,0,0.00,0.00,2.19,0,0,0,205,898,2133
4445114986,4/2/2016,5406,3.63,3.63,0,0.00,0.00,3.61,0,0,0,273,672,2317
4445114986,4/3/2016,3146,2.11,2.11,0,0.00,0.00,2.11,0,0,0,171,1269,2058
4445114986,4/4/2016,2422,1.63,1.63,0,0.00,0.00,1.63,0,0,0,110,1330,1935
4445114986,4/5/2016,4239,2.84,2.84,0,0.06,0.24,2.53,0,1,6,235,702,2217
4445114986,4/6/2016,6911,4.78,4.78,0,2.32,0.10,2.36,0,28,2,215,745,2374
4445114986,4/7/2016,6667,4.61,4.61,0,2.02,0.05,2.55,0,24,1,208,939,2335
4445114986,4/8/2016,5543,3.72,3.72,0,0.00,0.00,3.72,0,0,0,266,941,2303
4445114986,4/9/2016,4195,2.81,2.81,0,0.00,0.00,2.81,0,0,0,239,758,2210
4445114986,4/10/2016,6625,4.45,4.45,0,0.00,0.00,4.45,0,0,0,316,755,2424
4445114986,4/11/2016,5986,4.13,4.13,0,1.95,0.23,1.95,0,23,5,195,789,2297
4445114986,4/12/2016,278,0.19,0.19,0,0.00,0.00,0.19,0,0,0,20,253,745
4558609924,4/1/2016,5336,3.53,3.53,0,0.00,0.00,3.53,0,0,0,258,1182,1902
4558609924,4/2/2016,3183,2.10,2.10,0,0.00,0.00,2.10,0,0,0,173,1180,1680
4558609924,4/3/2016,6176,4.08,4.08,0,0.07,0.26,3.75,0,1,7,269,886,1901
4558609924,4/4/2016,8205,5.42,5.42,0,0.00,0.00,5.42,0,0,0,367,1073,2078
4558609924,4/5/2016,6799,4.49,4.49,0,1.59,0.86,2.04,0,24,14,185,1217,1876
4558609924,4/6/2016,5668,3.75,3.75,0,0.00,0.00,3.75,0,0,0,259,1181,1853
4558609924,4/7/2016,7998,5.29,5.29,0,0.51,0.25,4.53,0,27,12,296,1105,2235
4558609924,4/8/2016,4195,2.77,2.77,0,0.00,0.00,2.77,0,0,0,241,1199,1778
4558609924,4/9/2016,5512,3.64,3.64,0,0.00,0.00,3.64,0,0,0,276,1164,1882
4558609924,4/10/2016,6263,4.14,4.14,0,0.00,0.00,4.13,0,0,0,290,1150,1906
4558609924,4/11/2016,8828,5.84,5.84,0,0.00,0.00,5.84,0,0,0,308,1132,2149
4558609924,4/12/2016,1260,0.83,0.83,0,0.00,0.00,0.82,0,0,0,76,555,722
4702921684,3/29/2016,6506,5.28,5.28,0,0.33,0.27,4.67,0,4,5,241,760,2886
4702921684,3/30/2016,7583,6.15,6.15,0,0.25,0.55,5.35,0,3,13,227,742,2915
4702921684,3/31/2016,6963,5.65,5.65,0,0.00,0.00,5.65,0,0,0,256,759,2895
4702921684,4/1/2016,7165,5.81,5.81,0,0.00,0.37,5.44,0,0,9,248,708,2923
4702921684,4/2/2016,10328,8.38,8.38,0,0.00,1.46,6.92,0,0,32,367,475,3323
4702921684,4/3/2016,12116,9.83,9.83,0,0.25,2.85,6.72,0,3,57,323,471,3357
4702921684,4/4/2016,7810,6.36,6.36,0,0.48,1.20,4.68,0,6,27,216,746,2931
4702921684,4/5/2016,6670,5.41,5.41,0,1.24,0.80,3.37,0,15,16,199,770,2848
4702921684,4/6/2016,7605,6.18,6.18,0,0.33,0.21,5.63,0,4,4,248,708,2943
4702921684,4/7/2016,6585,5.34,5.34,0,0.00,0.00,5.34,0,0,0,210,770,2822
4702921684,4/8/2016,8184,6.64,6.64,0,0.00,0.62,5.95,0,0,15,247,808,2981
4702921684,4/9/2016,14002,11.36,11.36,0,0.61,2.68,8.06,0,8,56,381,407,3597
4702921684,4/10/2016,11135,9.03,9.03,0,0.08,1.16,7.79,0,1,25,331,528,3224
4702921684,4/11/2016,6499,5.27,5.27,0,0.00,0.00,5.27,0,0,0,207,809,2677
4702921684,4/12/2016,0,0.00,0.00,0,0.00,0.00,0.00,0,0,0,0,1440,0
5553957443,4/1/2016,12409,8.10,8.10,0,2.90,0.63,4.58,0,51,12,235,782,2142
5553957443,4/2/2016,2937,1.92,1.92,0,0.00,0.00,1.91,0,0,0,181,356,1615
5553957443,4/3/2016,1515,0.99,0.99,0,0.00,0.00,0.99,0,0,0,93,507,1481
5553957443,4/4/2016,8921,5.88,5.88,0,2.07,0.44,3.36,0,27,8,198,754,1892
5553957443,4/5/2016,11306,7.38,7.38,0,2.31,0.98,4.09,0,40,26,218,772,2086
5553957443,4/6/2016,12252,8.00,8.00,0,2.41,1.70,3.89,0,33,28,229,745,2044
5553957443,4/7/2016,15444,10.08,10.08,0,3.27,1.73,5.08,0,51,39,243,731,2249
5553957443,4/8/2016,9938,6.49,6.49,0,2.14,1.28,3.08,0,38,24,193,767,2019
5553957443,4/9/2016,4599,3.00,3.00,0,0.00,0.00,3.00,0,0,0,176,578,1692
5553957443,4/10/2016,5594,3.65,3.65,0,0.28,1.48,1.89,0,4,25,150,552,1712
5553957443,4/11/2016,11906,7.77,7.77,0,2.26,1.52,3.99,0,32,27,234,688,2065
5553957443,4/12/2016,3436,2.24,2.24,0,0.50,0.67,1.05,0,7,11,50,61,633
5577150313,4/1/2016,10461,7.87,7.87,0,4.76,0.85,2.25,0,99,31,142,721,3625
5577150313,4/2/2016,14873,11.11,11.11,0,8.19,0.60,2.31,0,202,36,153,663,4430
5577150313,4/3/2016,9917,7.41,7.41,0,1.99,0.97,4.44,0,58,27,240,700,3427
5577150313,4/4/2016,7401,5.56,5.56,0,2.32,0.36,2.88,0,70,19,204,689,3492
5577150313,4/5/2016,8964,6.70,6.70,0,3.97,0.19,2.53,0,107,18,145,756,3597
5577150313,4/6/2016,11080,8.30,8.30,0,3.13,1.37,3.81,0,83,52,190,695,3765
5577150313,4/7/2016,4499,3.36,3.36,0,0.89,0.26,2.21,0,31,11,146,756,2775
5577150313,4/8/2016,4363,3.26,3.26,0,0.13,0.06,3.08,0,8,2,156,813,2486
5577150313,4/9/2016,10494,7.84,7.84,0,4.91,0.78,2.15,0,123,62,138,601,3817
5577150313,4/10/2016,9776,7.38,7.38,0,2.93,1.43,3.02,0,80,35,162,721,3378
5577150313,4/11/2016,2862,2.14,2.14,0,1.04,0.25,0.84,0,39,17,54,209,1511
6117666160,4/1/2016,7444,5.62,5.62,0,0.00,0.00,5.62,0,0,0,286,568,2210
6117666160,4/2/2016,19658,14.84,14.84,0,0.24,2.09,12.51,0,3,30,475,466,2884
6117666160,4/3/2016,0,0.00,0.00,0,0.00,0.00,0.00,0,0,0,0,1440,1496
6117666160,4/4/2016,8468,6.39,6.39,0,0.18,0.64,5.57,0,2,11,279,1148,2262
6117666160,4/5/2016,9910,7.48,7.48,0,0.00,0.00,7.48,0,0,0,384,990,2445
6117666160,4/6/2016,12409,9.37,9.37,0,0.00,0.00,9.37,0,0,0,491,388,2694
6117666160,4/7/2016,4853,3.66,3.66,0,0.00,0.00,3.66,0,0,0,156,770,1903
6117666160,4/8/2016,8955,6.76,6.76,0,0.00,0.00,6.73,0,0,0,422,1018,2482
6117666160,4/9/2016,10789,8.15,8.15,0,0.00,0.00,8.15,0,0,0,506,413,2617
6117666160,4/10/2016,0,0.00,0.00,0,0.00,0.00,0.00,0,0,0,0,1440,0
6290855005,4/1/2016,6633,5.01,5.01,0,0.00,0.00,5.01,0,0,0,280,1160,2778
6290855005,4/2/2016,9548,7.22,7.22,0,2.02,3.68,1.52,0,25,107,113,1195,3119
6290855005,4/3/2016,0,0.00,0.00,0,0.00,0.00,0.00,0,33,0,0,1407,2664
6290855005,4/4/2016,0,0.00,0.00,0,0.00,0.00,0.00,0,0,0,0,1440,2060
6290855005,4/5/2016,0,0.00,0.00,0,0.00,0.00,0.00,0,0,0,0,1440,2060
6290855005,4/6/2016,0,0.00,0.00,0,0.00,0.00,0.00,0,0,0,0,1440,2060
6290855005,4/7/2016,0,0.00,0.00,0,0.00,0.00,0.00,0,0,0,0,1440,2060
6290855005,4/8/2016,0,0.00,0.00,0,0.00,0.00,0.00,0,0,0,0,1440,2060
6290855005,4/9/2016,0,0.00,0.00,0,0.00,0.00,0.00,0,0,0,0,1440,2060
6290855005,4/10/2016,0,0.00,0.00,0,0.00,0.00,0.00,0,20,0,0,494,735
6391747486,4/1/2016,0,0.00,0.00,0,0.00,0.00,0.00,0,0,0,0,1440,1820
6391747486,4/2/2016,2101,2.03,0.00,2.027772903,2.03,0.00,0.00,0,46,0,0,1394,2224
6391747486,4/3/2016,0,0.00,0.00,0,0.00,0.00,0.00,0,0,0,0,1440,1820
6391747486,4/4/2016,0,0.00,0.00,0,0.00,0.00,0.00,0,0,0,0,1440,1820
6391747486,4/5/2016,9766,7.51,0.78,6.72705698,0.00,0.05,7.46,0,0,6,301,1133,2442
6391747486,4/6/2016,165,0.13,0.13,0,0.00,0.00,0.13,0,0,0,8,1432,1849
6391747486,4/7/2016,0,0.00,0.00,0,0.00,0.00,0.00,0,0,0,0,1440,1822
6391747486,4/8/2016,0,0.00,0.00,0,0.00,0.00,0.00,0,0,0,0,1440,1820
6391747486,4/9/2016,0,0.00,0.00,0,0.00,0.00,0.00,0,0,0,0,198,251
6775888955,4/1/2016,7225,5.18,5.18,0,1.73,1.27,2.18,0,25,50,163,1189,3065
6775888955,4/2/2016,1988,1.43,1.43,0,0.00,0.00,1.43,0,0,0,79,909,2207
6775888955,4/3/2016,1577,1.13,1.13,0,0.07,0.89,0.17,0,1,17,8,1414,1977
6775888955,4/4/2016,0,0.00,0.00,0,0.00,0.00,0.00,0,0,0,0,1440,1841
6775888955,4/5/2016,9348,6.70,6.70,0,1.13,2.04,3.14,0,56,133,240,1011,4286
6775888955,4/6/2016,11761,8.43,8.43,0,1.31,2.44,4.68,0,24,99,300,550,3920
6775888955,4/7/2016,13987,10.03,10.03,0,2.87,3.34,3.82,0,46,114,250,739,3856
6775888955,4/8/2016,4131,2.96,2.96,0,1.37,0.61,0.98,0,27,30,75,1308,2584
6775888955,4/9/2016,14,0.01,0.01,0,0.00,0.00,0.01,0,0,0,1,601,787
6962181067,3/30/2016,15491,10.24,10.24,0,1.29,4.49,4.46,0,18,77,272,641,2244
6962181067,3/31/2016,14097,9.32,9.32,0,3.50,1.92,3.90,0,50,32,234,595,2188
6962181067,4/1/2016,10467,6.98,6.98,0,0.70,2.43,3.85,0,9,45,252,602,2014
6962181067,4/2/2016,12437,8.30,8.30,0,3.76,1.29,3.24,0,50,24,219,732,2115
6962181067,4/3/2016,12307,8.14,8.14,0,1.01,3.26,3.87,0,14,51,218,589,2055
6962181067,4/4/2016,18952,12.80,12.80,0,5.91,1.23,5.66,0,73,20,327,570,2437
6962181067,4/5/2016,12010,7.94,7.94,0,2.38,0.95,4.61,0,38,17,287,692,2158
6962181067,4/6/2016,12480,8.86,8.25,3.97279501,4.18,0.69,4.00,0,55,14,276,593,2170
6962181067,4/7/2016,13417,9.65,8.87,1.926301956,3.39,1.25,4.91,0.100000001,45,16,284,665,2244
6962181067,4/8/2016,14400,10.88,9.52,5.45686388,2.47,2.88,5.53,0,27,37,276,697,2188
6962181067,4/9/2016,12495,8.26,8.26,0,2.21,1.09,4.96,0,33,19,324,609,2231
6962181067,4/10/2016,10148,6.71,6.71,0,1.36,0.22,5.13,0,19,7,306,679,2100
6962181067,4/11/2016,12362,9.09,8.17,2.696455002,1.09,2.73,5.27,0,21,38,297,678,2188
6962181067,4/12/2016,5893,3.90,3.90,0,2.88,0.56,0.46,0,43,9,48,146,917
7007744171,4/1/2016,11680,9.06,7.81,4.901282787,4.49,0.33,4.24,0,50,7,244,1139,2573
7007744171,4/2/2016,10976,7.34,7.34,0,0.55,0.67,6.13,0,9,16,271,1075,2575
7007744171,4/3/2016,16806,11.24,11.24,0,6.41,1.37,3.47,0,104,31,230,1002,3086
7007744171,4/4/2016,15266,11.40,10.21,5.189849854,5.80,0.76,4.79,0.050000001,70,21,292,1057,2886
7007744171,4/5/2016,12084,9.14,8.08,4.836380005,4.39,0.46,4.29,0,50,6,284,1030,2676
7007744171,4/6/2016,13513,10.25,9.07,4.835720062,5.35,0.33,4.56,0,64,8,270,1098,2811
7007744171,4/7/2016,14100,10.58,9.43,4.875989914,5.10,1.19,4.28,0,61,33,265,1015,2840
7007744171,4/8/2016,12627,9.65,8.45,4.842319965,4.70,0.74,4.21,0,54,22,301,1063,2871
7007744171,4/9/2016,10345,6.92,6.92,0,0.07,0.27,6.58,0,2,6,358,1074,2613
7007744171,4/10/2016,10146,6.79,6.79,0,0.07,0.61,6.11,0,1,12,397,1030,2700
7007744171,4/11/2016,12168,8.14,8.14,0,1.05,0.79,6.29,0,18,27,375,1020,2871
7007744171,4/12/2016,7413,5.77,4.96,4.869782925,4.50,0.34,0.94,0,53,6,43,405,1023
7086361926,4/1/2016,11463,7.67,7.67,0,2.83,1.89,2.93,0,38,30,154,777,2496
7086361926,4/2/2016,87,0.02,0.02,0,0.00,0.00,0.01,0,0,0,2,872,1641
7086361926,4/3/2016,1949,1.31,1.31,0,0.23,0.35,0.73,0,3,6,27,1404,1794
7086361926,4/4/2016,6101,3.87,3.87,0,0.53,0.23,3.10,0,31,24,138,1247,2421
7086361926,4/5/2016,7478,4.99,4.99,0,1.80,0.53,2.61,0.029999999,25,33,132,1159,2439
7086361926,4/6/2016,7352,4.73,4.73,0,1.41,0.78,2.53,0,19,14,124,814,2233
7086361926,4/7/2016,14604,10.82,10.82,0,7.23,1.12,2.43,0.029999999,76,30,127,695,2862
7086361926,4/8/2016,9634,6.52,6.52,0,2.50,1.40,2.59,0,50,48,140,797,2752
7086361926,4/9/2016,7338,4.67,4.67,0,1.08,0.13,3.46,0,27,5,204,717,2519
7086361926,4/10/2016,569,0.35,0.35,0,0.00,0.00,0.34,0,0,0,27,1368,1799
7086361926,4/11/2016,6242,3.92,3.92,0,0.74,0.23,2.93,0,46,22,126,741,2543
7086361926,4/12/2016,430,0.26,0.26,0,0.00,0.00,0.26,0,0,0,14,75,625
8053475328,4/2/2016,20188,15.62,15.62,0,12.06,0.85,2.71,0,124,19,172,1125,3377
8053475328,4/3/2016,25701,20.14,20.14,0,16.82,1.63,1.69,0,165,36,97,1142,3697
8053475328,4/4/2016,17395,13.21,13.21,0,9.67,0.18,3.35,0,100,4,213,1123,3209
8053475328,4/5/2016,17167,13.41,13.41,0,9.96,0.31,3.14,0,98,8,184,1150,3167
8053475328,4/6/2016,16435,12.42,12.42,0,8.96,0.55,2.91,0,100,14,191,1135,3122
8053475328,4/7/2016,17078,13.20,13.20,0,9.97,0.24,2.99,0,101,6,190,1143,3176
8053475328,4/8/2016,11693,9.54,9.54,0,6.77,0.26,2.50,0,60,6,153,1221,2790
8053475328,4/9/2016,11159,9.14,9.14,0,6.69,0.25,2.19,0,59,6,120,1255,2715
8053475328,4/10/2016,10118,7.73,7.73,0,3.05,0.80,3.88,0,30,18,207,1185,2684
8053475328,4/11/2016,16064,12.72,12.72,0,9.98,0.36,2.38,0,96,8,155,1181,3097
8053475328,4/12/2016,290,0.21,0.21,0,0.00,0.00,0.21,0,0,0,16,599,791
8253242879,4/1/2016,0,0.00,0.00,0,0.00,0.00,0.00,0,0,0,0,1440,1429
8253242879,4/2/2016,0,0.00,0.00,0,0.00,0.00,0.00,0,0,0,0,1440,1429
8253242879,4/3/2016,0,0.00,0.00,0,0.00,0.00,0.00,0,0,0,0,1440,1429
8253242879,4/4/2016,0,0.00,0.00,0,0.00,0.00,0.00,0,0,0,0,1440,1429
8253242879,4/5/2016,0,0.00,0.00,0,0.00,0.00,0.00,0,0,0,0,1440,1429
8253242879,4/6/2016,1931,1.28,1.28,0,0.00,0.00,1.28,0,0,0,94,1346,1607
8253242879,4/7/2016,5181,3.42,3.42,0,1.00,0.91,1.51,0.01,15,15,107,1303,1776
8253242879,4/8/2016,12026,9.15,9.15,0,5.70,0.93,2.51,0,47,13,150,1230,2162
8253242879,4/9/2016,5360,3.54,3.54,0,0.54,1.55,1.46,0,8,28,148,1256,1832
8253242879,4/10/2016,2545,1.68,1.68,0,0.00,0.00,1.67,0.02,0,0,126,1314,1657
8253242879,4/11/2016,1636,1.08,1.08,0,0.00,0.00,1.08,0,0,0,86,1139,1377
8253242879,4/12/2016,0,0.00,0.00,0,0.00,0.00,0.00,0,0,0,0,1440,0
8378563200,4/1/2016,14179,11.24,11.24,0,6.23,1.06,3.96,0,73,21,195,719,3669
8378563200,4/2/2016,3358,2.66,2.66,0,0.00,0.00,2.66,0,0,0,144,657,2702
8378563200,4/3/2016,9152,7.26,7.26,0,1.99,0.82,4.45,0,25,13,243,600,3304
8378563200,4/4/2016,13935,11.05,11.05,2.092147112,4.09,0.79,6.17,0,105,16,220,658,4234
8378563200,4/5/2016,12846,10.19,10.19,2.253081083,5.00,0.75,4.44,0,113,15,189,686,4128
8378563200,4/6/2016,9124,7.24,7.24,2.092147112,0.00,0.25,6.99,0,55,6,230,728,3798
8378563200,4/7/2016,9725,7.71,7.71,2.253081083,2.41,0.53,4.77,0,83,11,181,670,3839
8378563200,4/8/2016,8350,6.62,6.62,2.092147112,1.49,0.53,4.61,0,72,10,167,868,3713
8378563200,4/9/2016,2240,1.78,1.78,0,0.00,0.00,1.78,0,0,0,110,843,2606
8378563200,4/10/2016,2631,2.09,2.09,0,0.00,0.00,2.09,0,0,0,117,727,2624
8378563200,4/11/2016,8837,7.01,7.01,2.092147112,1.54,0.88,4.59,0,74,17,182,811,3775
8378563200,4/12/2016,3246,2.57,2.57,2.253081083,0.83,0.71,1.03,0,65,15,49,243,1882
8583815059,4/1/2016,2174,1.70,1.70,0,0.00,0.00,1.70,0,0,0,112,1328,2360
8583815059,4/2/2016,3494,2.73,2.73,0,0.00,0.00,2.69,0,0,0,166,1274,2517
8583815059,4/3/2016,2380,1.86,1.86,0,0.00,0.00,1.86,0,0,0,131,1309,2400
8583815059,4/4/2016,3159,2.46,2.46,0,0.00,0.00,2.46,0,0,0,147,1293,2462
8583815059,4/5/2016,6835,5.33,5.33,0,0.37,0.73,4.24,0,5,15,212,1208,2786
8583815059,4/6/2016,2098,1.64,1.64,0,0.00,0.00,1.63,0,0,0,112,1328,2354
8583815059,4/7/2016,2816,2.20,2.20,0,0.00,0.00,2.20,0,0,0,138,1302,2437
8583815059,4/8/2016,1408,1.10,1.10,0,0.00,0.00,1.10,0,0,0,79,1052,1814
8792009665,4/1/2016,4592,2.94,2.94,0,0.10,0.14,2.70,0,4,8,176,748,2260
8792009665,4/2/2016,8452,5.41,5.41,0,0.26,0.39,4.76,0,9,24,328,1079,3004
8792009665,4/3/2016,7238,4.63,4.63,0,0.11,0.23,4.29,0,2,6,279,636,2667
8792009665,4/4/2016,3821,2.45,2.45,0,0.00,0.22,2.23,0,0,9,161,675,2229
8792009665,4/5/2016,2332,1.49,1.49,0,0.01,0.18,1.30,0,1,10,111,904,2100
8792009665,4/6/2016,2121,1.36,1.36,0,0.00,0.00,1.36,0,0,0,122,855,2114
8792009665,4/7/2016,1291,0.83,0.83,0,0.00,0.00,0.83,0,0,0,77,888,1961
8792009665,4/8/2016,1467,0.94,0.94,0,0.10,0.21,0.63,0,2,8,71,912,1953
8792009665,4/9/2016,1022,0.65,0.65,0,0.00,0.00,0.65,0,0,0,63,739,1890
8792009665,4/10/2016,4605,2.95,2.95,0,0.00,0.00,2.95,0,0,0,179,1261,2253
8792009665,4/11/2016,178,0.11,0.11,0,0.00,0.00,0.11,0,0,0,12,1428,1725
8792009665,4/12/2016,20,0.01,0.01,0,0.00,0.00,0.01,0,0,0,6,598,728
8877689391,4/1/2016,18700,15.82,15.82,0,8.70,0.16,6.91,0,67,3,247,1123,3527
8877689391,4/2/2016,27572,23.39,23.39,0,14.72,1.21,7.34,0.01,116,24,260,1040,4220
8877689391,4/3/2016,15260,8.19,8.19,0,1.80,0.75,5.57,0,106,17,259,1058,3864
8877689391,4/4/2016,20779,18.41,18.41,0,11.73,0.65,6.00,0,78,16,208,1138,3662
8877689391,4/5/2016,10695,8.12,8.12,0,0.77,0.18,7.09,0.01,10,3,246,1181,2834
8877689391,4/6/2016,24136,20.91,20.91,0,12.22,0.54,8.08,0,87,16,318,1019,4039
8877689391,4/7/2016,10910,8.42,8.42,0,2.96,0.39,5.03,0,32,11,212,1185,2947
8877689391,4/8/2016,23014,20.39,20.39,0,11.10,0.63,8.62,0,70,29,359,982,4196
8877689391,4/9/2016,16470,8.07,8.07,0,0.00,0.02,8.02,0,90,9,289,1052,3841
8877689391,4/10/2016,28497,27.53,27.53,0,21.92,1.12,4.46,0,128,46,211,1055,4526
8877689391,4/11/2016,10622,8.06,8.06,0,1.47,0.15,6.37,0.01,18,7,225,1190,2820
8877689391,4/12/2016,2350,1.78,1.78,0,0.00,0.00,1.78,0,0,0,58,531,938
